Workbook

Sheet Bens Imóveis
A1: BENS IMÓVEIS - PMM
A2: Nº | B2: SIGLA UG | C2: UG - UNIDADE GESTORA | D2: UNIDADE ORÇAMENTÁRIA | E2: ENDEREÇO | F2: TIPO DE EDIFICAÇÃO | G2: SITUAÇÃO DE USO | H2: VALOR INICIAL DO BEM (R$) | I2: EDIFICAÇÃO VALOR (R$) | J2: Nº TOMBAMENTO | K2: Nº AFETAÇÃO | L2: DOM AFETAÇÃO | M2: LEI DE AFETAÇÃO | N2: ÁREA DO TERRENO (m²) | O2: ÁREA CONSTRUIDA (m²) | P2: DATA DE ENTRADA / INCORPORAÇÃO | Q2: DATA DO ÚLTIMO INVENTÁRIO
A3: 1 | B3: SEMULSP | C3: =VLOOKUP(B3,Listas!A$3:C$30,3,0) -> Secretaria Municipal de Limpeza Urbana | D3: =VLOOKUP(B3,Listas!A$3:C$30,2,0) -> 38101 | E3: Rio Negro,S/Nº - Colônia Antônio Aleixo - CEP 69.000-000 | F3: Em ajuste | G3: Em ajuste | H3: Em ajuste | J3: Em ajuste | K3: Em ajuste | L3: Em ajuste | M3: Em ajuste | N3: Em ajuste | O3: Em ajuste | P3: Em ajuste | Q3: Em ajuste
A4: =A3+1 -> 2 | B4: SEMULSP | C4: =VLOOKUP(B4,Listas!A$3:C$30,3,0) -> Secretaria Municipal de Limpeza Urbana | D4: =VLOOKUP(B4,Listas!A$3:C$30,2,0) -> 38101 | E4: Rd. AM-10,Km 05 - Santa Etelvina - CEP 69.000-000 | F4: Em ajuste | G4: Em ajuste | H4: Em ajuste | J4: Em ajuste | K4: Em ajuste | L4: Em ajuste | M4: Em ajuste | N4: Em ajuste | O4: Em ajuste | P4: Em ajuste | Q4: Em ajuste
A5: =A4+1 -> 3 | B5: SEMULSP | C5: =VLOOKUP(B5,Listas!A$3:C$30,3,0) -> Secretaria Municipal de Limpeza Urbana | D5: =VLOOKUP(B5,Listas!A$3:C$30,2,0) -> 38101 | E5: Rio Amazonas,S/Nº - Paraná da Eva - Área Ribeirinha - CEP 69.000-999 - Rio Amazonas - AM | F5: Em ajuste | G5: Em ajuste | H5: Em ajuste | J5: Em ajuste | K5: Em ajuste | L5: Em ajuste | M5: Em ajuste | N5: Em ajuste | O5: Em ajuste | P5: Em ajuste | Q5: Em ajuste
A6: =A5+1 -> 4 | B6: SEMULSP | C6: =VLOOKUP(B6,Listas!A$3:C$30,3,0) -> Secretaria Municipal de Limpeza Urbana | D6: =VLOOKUP(B6,Listas!A$3:C$30,2,0) -> 38101 | E6: Rua Coração de Jesus,215 - São Raimundo - CEP 69.000-000 | F6: Em ajuste | G6: Em ajuste | H6: Em ajuste | J6: Em ajuste | K6: Em ajuste | L6: Em ajuste | M6: Em ajuste | N6: Em ajuste | O6: Em ajuste | P6: Em ajuste | Q6: Em ajuste
A7: =A6+1 -> 5 | B7: SEMULSP | C7: =VLOOKUP(B7,Listas!A$3:C$30,3,0) -> Secretaria Municipal de Limpeza Urbana | D7: =VLOOKUP(B7,Listas!A$3:C$30,2,0) -> 38101 | E7: Lago Puraquequara,S/Nº - Puraquequara - CEP 69.000-000 | F7: Em ajuste | G7: Em ajuste | H7: Em ajuste | J7: Em ajuste | K7: Em ajuste | L7: Em ajuste | M7: Em ajuste | N7: Em ajuste | O7: Em ajuste | P7: Em ajuste | Q7: Em ajuste
A8: =A7+1 -> 6 | B8: SEMULSP | C8: =VLOOKUP(B8,Listas!A$3:C$30,3,0) -> Secretaria Municipal de Limpeza Urbana | D8: =VLOOKUP(B8,Listas!A$3:C$30,2,0) -> 38101 | E8: Rua MONTEIRO LOBATO,S/Nº - Colônia Antônio Aleixo - CEP 69.008-210 | F8: Em ajuste | G8: Em ajuste | H8: Em ajuste | J8: Em ajuste | K8: Em ajuste | L8: Em ajuste | M8: Em ajuste | N8: Em ajuste | O8: Em ajuste | P8: Em ajuste | Q8: Em ajuste
A9: =A8+1 -> 7 | B9: SEMULSP | C9: =VLOOKUP(B9,Listas!A$3:C$30,3,0) -> Secretaria Municipal de Limpeza Urbana | D9: =VLOOKUP(B9,Listas!A$3:C$30,2,0) -> 38101 | E9: Rua CEL. PEDRO DE SOUZA,S/Nº - Morro da Liberdade - CEP 69.000-000 | F9: Em ajuste | G9: Em ajuste | H9: Em ajuste | J9: Em ajuste | K9: Em ajuste | L9: Em ajuste | M9: Em ajuste | N9: Em ajuste | O9: Em ajuste | P9: Em ajuste | Q9: Em ajuste
A10: =A9+1 -> 8 | B10: SEMULSP | C10: =VLOOKUP(B10,Listas!A$3:C$30,3,0) -> Secretaria Municipal de Limpeza Urbana | D10: =VLOOKUP(B10,Listas!A$3:C$30,2,0) -> 38101 | E10: PÇ Chile,S/Nº - Adrianópolis - CEP 69.057-280 | F10: Em ajuste | G10: Em ajuste | H10: Em ajuste | J10: Em ajuste | K10: Em ajuste | L10: Em ajuste | M10: Em ajuste | N10: Em ajuste | O10: Em ajuste | P10: Em ajuste | Q10: Em ajuste
A11: =A10+1 -> 9 | B11: SEMULSP | C11: =VLOOKUP(B11,Listas!A$3:C$30,3,0) -> Secretaria Municipal de Limpeza Urbana | D11: =VLOOKUP(B11,Listas!A$3:C$30,2,0) -> 38101 | E11: Costa do Jatuarana,S/Nº - Costa do Jatuarana - Área Ribeirinha - CEP 69.000-999 - Rio Amazonas - AM | F11: Em ajuste | G11: Em ajuste | H11: Em ajuste | J11: Em ajuste | K11: Em ajuste | L11: Em ajuste | M11: Em ajuste | N11: Em ajuste | O11: Em ajuste | P11: Em ajuste | Q11: Em ajuste
A12: =A11+1 -> 10 | B12: SEMULSP | C12: =VLOOKUP(B12,Listas!A$3:C$30,3,0) -> Secretaria Municipal de Limpeza Urbana | D12: =VLOOKUP(B12,Listas!A$3:C$30,2,0) -> 38101 | E12: Rua Ramos Ferreira,S/Nº - Nossa Senhora Aparecida - CEP 69.010-420 | F12: Em ajuste | G12: Em ajuste | H12: Em ajuste | J12: Em ajuste | K12: Em ajuste | L12: Em ajuste | M12: Em ajuste | N12: Em ajuste | O12: Em ajuste | P12: Em ajuste | Q12: Em ajuste
A13: =A12+1 -> 11 | B13: SEMULSP | C13: =VLOOKUP(B13,Listas!A$3:C$30,3,0) -> Secretaria Municipal de Limpeza Urbana | D13: =VLOOKUP(B13,Listas!A$3:C$30,2,0) -> 38101 | E13: Av. Getúlio Vargas,S/Nº - Colônia Antônio Aleixo - CEP 69.008-000 | F13: Em ajuste | G13: Em ajuste | H13: Em ajuste | J13: Em ajuste | K13: Em ajuste | L13: Em ajuste | M13: Em ajuste | N13: Em ajuste | O13: Em ajuste | P13: Em ajuste | Q13: Em ajuste
A14: =A13+1 -> 12 | B14: SEMULSP | C14: =VLOOKUP(B14,Listas!A$3:C$30,3,0) -> Secretaria Municipal de Limpeza Urbana | D14: =VLOOKUP(B14,Listas!A$3:C$30,2,0) -> 38101 | E14: Av. Brasil,1335 - Compensa - CEP 69.036-110 | F14: Em ajuste | G14: Em ajuste | H14: Em ajuste | J14: Em ajuste | K14: Em ajuste | L14: Em ajuste | M14: Em ajuste | N14: Em ajuste | O14: Em ajuste | P14: Em ajuste | Q14: Em ajuste

Sheet Listas
A2: UG | B2: UNIDADE ORÇAMENTÁRIA | C2: SECRETARIA | D2: TIPO EDIFICAÇÃO | E2: ZONA | F2: SITUAÇÃO USO | G2: CARTÓRIO
A3: AGEMAN | B3: 70201 | C3: Agência Reguladora dos Serviços Públicos Delegados do Município de Manaus | D3: Casa | E3: Área Ribeirinha | F3: Cedido | G3: 1º Ofício
A4: CC | B4: 11101 | C4: Casa Civil | D4: Prédio | E4: Área Rural | F4: Compartilhado | G4: 2º Ofício
A5: CC-ERB | B5: 11103 | C5: Escritório de Representação em Brasília | D5: Terreno | E5: Centro-Oeste | F5: Ocioso | G5: 3º Ofício
A6: CGM | B6: 22101 | C6: Controladoria Geral do Municipio | D6: Em ajuste | E6: Centro-Sul | F6: Ocupado | G6: 4º Ofício
A7: CM | B7: 15101 | C7: Casa Militar | E7: Leste | F7: Subutilizado | G7: 5º Ofício
A8: CMM | B8: 01101 | C8: Câmara Municipal de Manaus | E8: Norte | F8: Em ajuste | G8: Em ajuste
A9: FDT | B9: 52301 | C9: Fundação Doutor Thomas | E9: Oeste
A10: FMS | B10: 23701 | C10: Fundo Municipal de Saúde | E10: Sul
A11: GVP | B11: 12101 | C11: Gabinete do Vice-Prefeito
A12: IMMU | B12: 58201 | C12: Instituto Municipal de Mobilidade Urbana
A13: IMPLURB | B13: 56201 | C13: Instituto Municipal de Planejamento Urbano
A14: MANAUSCULT | B14: 62301 | C14: Fundação Municipal de Cultura, Turismo e Eventos
A15: MANAUSPREV | B15: 63201 | C15: Manaus Previdência
A16: PGM | B16: 13101 | C16: Procuradoria Geral do Municipio
A17: SEMACC | B17: 41101 | C17: Secretaria Municipal de Agricultura, Abastecimento, Centro e Comércio Informal
A18: SEMAD | B18: 14101 | C18: Secretaria Municipal de Administração e Gestão
A19: SEMASC | B19: 37101 | C19: Secretaria Municipal da Mulher, Assistência Social e Cidadania
A20: SEMCOM | B20: 19101 | C20: Secretaria Municipal de Comunicação
A21: SEMED | B21: 18101 | C21: Secretaria Municipal de Educação
A22: SEMEF | B22: 16101 | C22: Secretaria Municipal de Finanças, Planejamento e Tecnologia da Informação
... A30: SEMULSP | B30: 38101 | C30: Secretaria Municipal de Limpeza Urbana
